ticker,date,KRX_close,KRX_high,KRX_low,KRX_vol,daily_clpr,daily_high,daily_low,daily_vol,ovtm_clpr,ovtm_prpr,ovtm_vol,prpr_J,prpr_NX,prpr_UN,high_J,low_J,vol_J,min1530,after_bars,after_last_time,after_last_px,ovtm_now_prpr
005930,20261007,268500.0,279500.0,268500.0,16395504.0,268500.0,279500.0,268500.0,16395504.0,268500.0,0.0,0.0,,,,,,,,,,,
005930,20261008,262000.0,270000.0,262000.0,21259056.0,263000.0,270000.0,262000.0,21259056.0,263000.0,0.0,0.0,263000.0,262500.0,262500.0,270000.0,262000.0,21259056.0,,120.0,195900,263000.0,0.0
000660,20261007,1723000.0,1779000.0,1723000.0,2618253.0,1723000.0,1779000.0,1723000.0,2618253.0,1723000.0,0.0,0.0,,,,,,,,,,,
000660,20261008,1681000.0,1759000.0,1681000.0,3203231.0,1686000.0,1759000.0,1680000.0,3203231.0,1686000.0,0.0,0.0,1686000.0,1686000.0,1686000.0,1759000.0,1680000.0,3203231.0,1681000.0,120.0,195900,1686000.0,0.0
373220,20261007,391000.0,395000.0,378000.0,354152.0,391000.0,395000.0,378000.0,354152.0,391000.0,0.0,0.0,,,,,,,,,,,
373220,20261008,401000.0,418000.0,397000.0,919337.0,403000.0,418000.0,397000.0,919337.0,403000.0,0.0,0.0,403000.0,403500.0,403500.0,418000.0,397000.0,919337.0,,120.0,195900,403000.0,0.0
207940,20261007,1277000.0,1313000.0,1272000.0,62482.0,1277000.0,1313000.0,1272000.0,62482.0,1277000.0,0.0,0.0,,,,,,,,,,,
207940,20261008,1219000.0,1274000.0,1218000.0,81929.0,1220000.0,1274000.0,1218000.0,81929.0,1220000.0,0.0,0.0,1220000.0,1220000.0,1220000.0,1274000.0,1218000.0,81929.0,1219000.0,120.0,195900,1220000.0,0.0
005380,20261007,336000.0,346500.0,335000.0,565481.0,336000.0,346500.0,335000.0,565481.0,336000.0,0.0,0.0,,,,,,,,,,,
005380,20261008,324500.0,335500.0,324500.0,685775.0,324500.0,335500.0,324500.0,685775.0,324500.0,0.0,0.0,324500.0,325000.0,325000.0,335500.0,324500.0,685775.0,324500.0,120.0,195900,324500.0,0.0
000270,20261007,109600.0,112800.0,109300.0,749640.0,109600.0,112800.0,109300.0,749640.0,109600.0,0.0,0.0,,,,,,,,,,,
000270,20261008,106800.0,108500.0,106300.0,1298243.0,107000.0,108500.0,106300.0,1298243.0,107000.0,0.0,0.0,107000.0,107000.0,107000.0,108500.0,106300.0,1298243.0,106800.0,120.0,195900,107000.0,0.0
068270,20261007,183500.0,184000.0,181200.0,254258.0,183500.0,184000.0,181200.0,254258.0,183500.0,0.0,0.0,,,,,,,,,,,
068270,20261008,179600.0,182300.0,179500.0,461849.0,179000.0,182300.0,178900.0,461849.0,179000.0,0.0,0.0,179000.0,178900.0,178900.0,182300.0,178900.0,461849.0,179600.0,120.0,195900,179000.0,0.0
035420,20261007,189000.0,191400.0,189000.0,514678.0,189000.0,191400.0,189000.0,514678.0,189000.0,0.0,0.0,,,,,,,,,,,
035420,20261008,183800.0,188400.0,183100.0,926786.0,183200.0,188400.0,183100.0,926786.0,183200.0,0.0,0.0,183200.0,183300.0,183300.0,188400.0,183100.0,926786.0,183800.0,120.0,195900,183200.0,0.0
035720,20261007,33050.0,33750.0,33000.0,1223719.0,33050.0,33750.0,33000.0,1223719.0,33050.0,0.0,0.0,,,,,,,,,,,
035720,20261008,32300.0,32900.0,32200.0,1712465.0,32400.0,32900.0,32200.0,1712465.0,32400.0,0.0,0.0,32400.0,0.0,32400.0,32900.0,32200.0,1712465.0,32300.0,120.0,195900,32400.0,0.0
105560,20261007,168500.0,170000.0,166200.0,531894.0,168500.0,170000.0,166200.0,531894.0,168500.0,0.0,0.0,,,,,,,,,,,
105560,20261008,162800.0,168500.0,162800.0,810487.0,163400.0,168500.0,162800.0,810487.0,163400.0,0.0,0.0,163400.0,163400.0,163400.0,168500.0,162800.0,810487.0,162800.0,120.0,195900,163400.0,0.0
055550,20261007,103300.0,105100.0,102200.0,666867.0,103300.0,105100.0,102200.0,666867.0,103300.0,0.0,0.0,,,,,,,,,,,
055550,20261008,99500.0,103100.0,99500.0,1230949.0,100000.0,103100.0,99500.0,1230949.0,100000.0,0.0,0.0,100000.0,100000.0,100000.0,103100.0,99500.0,1230949.0,99500.0,120.0,195900,100000.0,0.0
012330,20261007,373500.0,380500.0,373000.0,188601.0,373500.0,380500.0,373000.0,188601.0,373500.0,0.0,0.0,,,,,,,,,,,
012330,20261008,359000.0,371500.0,359000.0,467512.0,360000.0,371500.0,359000.0,467512.0,360000.0,0.0,0.0,360000.0,360000.0,360000.0,371500.0,359000.0,467512.0,359000.0,120.0,195900,360000.0,0.0
006400,20261007,562000.0,575000.0,560000.0,341875.0,562000.0,575000.0,560000.0,341875.0,562000.0,0.0,0.0,,,,,,,,,,,
006400,20261008,569000.0,591000.0,566000.0,687104.0,567000.0,591000.0,566000.0,687104.0,567000.0,0.0,0.0,567000.0,567000.0,567000.0,591000.0,566000.0,687104.0,569000.0,120.0,195900,567000.0,0.0
051910,20261007,277000.0,280000.0,267000.0,173596.0,277000.0,280000.0,267000.0,173596.0,277000.0,0.0,0.0,,,,,,,,,,,
051910,20261008,286500.0,290500.0,273500.0,537833.0,281500.0,290500.0,273500.0,537833.0,281500.0,0.0,0.0,281500.0,282000.0,282000.0,290500.0,273500.0,537833.0,,120.0,195800,281500.0,0.0
009150,20261007,1604000.0,1699000.0,1601000.0,597877.0,1604000.0,1699000.0,1601000.0,597877.0,1604000.0,0.0,0.0,,,,,,,,,,,
009150,20261008,1546000.0,1620000.0,1546000.0,554370.0,1559000.0,1620000.0,1546000.0,554370.0,1559000.0,0.0,0.0,1559000.0,1559000.0,1559000.0,1620000.0,1546000.0,554370.0,1546000.0,120.0,195900,1559000.0,0.0
222800,20261007,170400.0,172600.0,165600.0,619928.0,170400.0,172600.0,165600.0,619928.0,170400.0,0.0,0.0,,,,,,,,,,,
222800,20261008,172800.0,176900.0,169200.0,734166.0,170700.0,176900.0,169200.0,734166.0,170700.0,0.0,0.0,170700.0,170700.0,170700.0,176900.0,169200.0,734166.0,172800.0,120.0,195900,170700.0,0.0
317400,20261007,9910.0,10450.0,9780.0,380245.0,9910.0,10450.0,9780.0,380245.0,9910.0,0.0,0.0,,,,,,,,,,,
317400,20261008,9870.0,10180.0,9720.0,442687.0,9880.0,10180.0,9720.0,442687.0,9880.0,0.0,0.0,9880.0,0.0,9880.0,10180.0,9720.0,442687.0,9870.0,74.0,195900,9880.0,0.0
096530,20261007,38900.0,40450.0,37600.0,955566.0,38900.0,40450.0,37600.0,955566.0,38900.0,0.0,0.0,,,,,,,,,,,
096530,20261008,38150.0,39600.0,37400.0,390393.0,37950.0,39600.0,37400.0,390393.0,37950.0,0.0,0.0,37950.0,38000.0,37950.0,39600.0,37400.0,390393.0,38150.0,120.0,195900,37950.0,0.0
096770,20261007,159600.0,162700.0,153900.0,990714.0,159600.0,162700.0,153900.0,990714.0,159600.0,0.0,0.0,,,,,,,,,,,
096770,20261008,160900.0,163400.0,156900.0,1167939.0,161500.0,163400.0,156900.0,1167939.0,161500.0,0.0,0.0,161500.0,161600.0,161500.0,163400.0,156900.0,1167939.0,160900.0,120.0,195900,161500.0,0.0
028670,20261007,6210.0,6300.0,5990.0,4342261.0,6210.0,6300.0,5990.0,4342261.0,6210.0,0.0,0.0,,,,,,,,,,,
028670,20261008,6030.0,6210.0,6020.0,1841021.0,6090.0,6210.0,6010.0,1841021.0,6090.0,0.0,0.0,6090.0,0.0,6090.0,6210.0,6010.0,1841021.0,6030.0,120.0,195900,6090.0,0.0
010950,20261007,170600.0,173700.0,162900.0,380552.0,170600.0,173700.0,162900.0,380552.0,170600.0,0.0,0.0,,,,,,,,,,,
010950,20261008,168700.0,171600.0,167500.0,294866.0,169000.0,171600.0,167500.0,294866.0,169000.0,0.0,0.0,169000.0,169000.0,169000.0,171600.0,167500.0,294866.0,168700.0,110.0,195900,169000.0,0.0
192820,20261007,308500.0,320000.0,296000.0,203211.0,308500.0,320000.0,296000.0,203211.0,308500.0,0.0,0.0,,,,,,,,,,,
192820,20261008,306500.0,317500.0,299500.0,150922.0,303500.0,317500.0,299500.0,150922.0,303500.0,0.0,0.0,303500.0,303000.0,303000.0,317500.0,299500.0,150922.0,306500.0,83.0,195900,303500.0,0.0
247540,20261007,124500.0,130600.0,124200.0,409545.0,124500.0,130600.0,124200.0,409545.0,124500.0,0.0,0.0,,,,,,,,,,,
247540,20261008,128800.0,130700.0,124000.0,617604.0,126500.0,130700.0,124000.0,617604.0,126500.0,0.0,0.0,126500.0,126500.0,126500.0,130700.0,124000.0,617604.0,128800.0,120.0,195900,126500.0,0.0
086520,20261007,91900.0,95000.0,91700.0,655664.0,91900.0,95000.0,91700.0,655664.0,91900.0,0.0,0.0,,,,,,,,,,,
086520,20261008,91900.0,94300.0,90000.0,955417.0,91200.0,94300.0,90000.0,955417.0,91200.0,0.0,0.0,91200.0,91100.0,91100.0,94300.0,90000.0,955417.0,91900.0,120.0,195900,91200.0,0.0
036930,20261007,247500.0,284000.0,246500.0,2427490.0,247500.0,284000.0,246500.0,2427490.0,247500.0,0.0,0.0,,,,,,,,,,,
036930,20261008,267500.0,278500.0,245000.0,3845483.0,263500.0,278500.0,245000.0,3845483.0,263500.0,0.0,0.0,263500.0,0.0,263500.0,278500.0,245000.0,3845483.0,267500.0,120.0,195900,263500.0,0.0
240810,20261007,131100.0,140400.0,131000.0,1200877.0,131100.0,140400.0,131000.0,1200877.0,131100.0,0.0,0.0,,,,,,,,,,,
240810,20261008,133700.0,140400.0,131100.0,1812529.0,134200.0,140400.0,131100.0,1812529.0,134200.0,0.0,0.0,134200.0,0.0,134200.0,140400.0,131100.0,1812529.0,,120.0,195900,134200.0,0.0
039030,20261007,518000.0,541000.0,516000.0,143776.0,518000.0,541000.0,516000.0,143776.0,518000.0,0.0,0.0,,,,,,,,,,,
039030,20261008,524000.0,538000.0,516000.0,197294.0,519000.0,538000.0,516000.0,197294.0,519000.0,0.0,0.0,519000.0,521000.0,521000.0,538000.0,516000.0,197294.0,524000.0,97.0,195900,519000.0,0.0
042700,20261007,264500.0,275000.0,263500.0,605179.0,264500.0,275000.0,263500.0,605179.0,264500.0,0.0,0.0,,,,,,,,,,,
042700,20261008,267000.0,274000.0,261000.0,1038513.0,263000.0,274000.0,261000.0,1038513.0,263000.0,0.0,0.0,263000.0,263000.0,263000.0,274000.0,261000.0,1038513.0,267000.0,120.0,195900,263000.0,0.0
329180,20261007,400000.0,420000.0,399500.0,332852.0,400000.0,420000.0,399500.0,332852.0,400000.0,0.0,0.0,,,,,,,,,,,
329180,20261008,384000.0,399500.0,383000.0,350061.0,384500.0,399500.0,383000.0,350061.0,384500.0,0.0,0.0,384500.0,384500.0,384500.0,399500.0,383000.0,350061.0,384000.0,120.0,195900,384500.0,0.0
012450,20261007,972000.0,1021000.0,971000.0,168907.0,972000.0,1021000.0,971000.0,168907.0,972000.0,0.0,0.0,,,,,,,,,,,
012450,20261008,891000.0,972000.0,891000.0,333333.0,904000.0,972000.0,891000.0,333333.0,904000.0,0.0,0.0,904000.0,903000.0,904000.0,972000.0,891000.0,333333.0,,120.0,195900,904000.0,0.0
